resourceID,updatedAt
orphan/info-fiber,2026-04-11
food/legumes,2026-04-08
food/oats,2026-04-08
food/chia-seeds,2026-04-08
food/flaxseeds,2026-04-10
food/black-beans,2026-04-09
diet/fasting-period,2026-04-09
diet/avoid-alcohol,2026-04-14
supplement/psyllium-husk,2026-04-08
food/fermented-foods,2026-04-09
food/green-tea,2026-04-10
food/olive-oil,2026-04-11
food/avocado,2026-04-09
food/pumpkin,2026-04-11
food/buckwheat,2026-04-10
food/pomegranate,2026-04-10
food/turmeric,2026-04-10
food/leafy-greens,2026-04-10
food/grapes,2026-04-10
food/onions,2026-04-10
food/tomatoes,2026-04-10
food/apples,2026-04-10
food/chili-peppers,2026-04-10
food/beets,2026-04-10
food/mushrooms,2026-04-10
food/black-pepper,2026-04-10
food/nuts,2026-04-11
food/cacao,2026-04-11
food/sweet-potatoes,2026-04-11
food/apple-cider-vinegar,2026-04-09
food/coffee,2026-04-10
food/cruciferous-vegetables,2026-04-10
food/quinoa,2026-03-21
food/red-berries,2026-04-11
food/blueberries,2026-04-11
food/strawberries,2026-04-11
food/raspberries,2026-04-11
food/cranberries,2026-04-11
food/fatty-fish,2026-04-11
food/garlic,2026-04-10
food/lemon-juice,2026-04-11
food/walnuts,2026-04-10
food/ginger,2026-04-11
food/eggs,2026-03-21
supplement/rhodiola-rosea,2026-04-11
supplement/coq10,2026-04-11
supplement/lions-mane,2026-04-11
supplement/bacopa-monnieri,2026-03-21
supplement/vitamin-d,2026-04-10
supplement/ashwagandha,2026-03-21
supplement/creatine,2026-04-09
supplement/omega-3,2026-04-11
supplement/curcumin,2026-04-10
supplement/magnesium,2026-04-11
supplement/l-theanine,2026-03-21
supplement/probiotics,2026-03-21
supplement/collagen,2026-03-21
supplement/panax-ginseng,2026-03-21
diet/avoid-refined-sugar,2026-03-21
diet/avoid-highly-processed-food,2026-03-21
exercise/aerobic-exercise,2026-03-21
exercise/breathwork,2026-03-21
exercise/burpees,2026-04-14
exercise/dynamic-mobility,2026-03-21
exercise/stair-climbing,2026-03-21
exercise/kettlebell,2026-03-21
exercise/cycling,2026-03-21
exercise/crunches,2026-04-14
exercise/rowing,2026-03-21
exercise/sprinting,2026-03-21
exercise/high-intensity-interval-training,2026-03-21
exercise/planks,2026-04-14
exercise/stretching,2026-03-21
exercise/static-stretching,2026-03-21
exercise/strength-training,2026-03-21
exercise/bouldering,2026-03-21
exercise/jump-rope,2026-03-21
exercise/calisthenics,2026-03-21
exercise/resistance-bands,2026-03-21
exercise/yoga,2026-03-21
exercise/running,2026-03-21
exercise/swimming,2026-03-21
exercise/foam-rolling,2026-03-21
exercise/rucking,2026-03-21
exercise/dancing,2026-03-21
exercise/hiking,2026-03-21
exercise/walking,2026-03-21
habit/stretching,2026-03-21
habit/journaling,2026-03-21
habit/sunlight-exposure,2026-03-21
habit/walking,2026-03-21
abstinence/scrolling,2026-03-21
abstinence/smoking-tobacco,2026-03-21
abstinence/sun-damage,2026-03-21
exercise/infrared-light,2026-03-21
exercise/sauna,2026-03-21
wellbeing/social-connection,2026-03-21
wellbeing/psychedelic-journey,2026-04-11
wellbeing/contact-with-nature,2026-03-21
wellbeing/meditation,2026-03-21
circadian/wake-time,2026-04-14
circadian/plan-tomorrow,2026-04-08
restoration/sleep-quality,2026-03-21
supplement/glycine,2026-04-09
supplement/melatonin,2026-04-09
supplement/rapamycin,2026-04-09
supplement/whey-protein,2026-04-09
supplement/taurine,2026-04-10
supplement/nac,2026-04-09
supplement/quercetin,2026-04-09
supplement/astaxanthin,2026-04-09
supplement/tmg,2026-04-09
supplement/vitamin-k2,2026-04-11
